"","rowname","AAVE","ADA","ALGO","AMP1","ANKR","AR","ATOM1","AVAX","BAT","BCH","BNB","BNT","BSV","BTC","BTG","BTT1","CAKE","CCXX","CEL","CELO","CHZ","COMP","CRO","CRV","CTC1","DAI1","DASH","DCR","DGB","DOGE","DOT1","EGLD","ENJ","EOS","ETC","ETH","FIL","FTM","FTT1","HBAR","HEX","HNT1","HOT1","ICX","IOST","KDA","KSM","LINK","LRC","LTC","LUNA1","MANA","MATIC","MIOTA","MKR","NANO","NEO","OMG","ONE2","ONT","QNT","QTUM","RUNE","RVN","SAND","SC","SHIB","SNX","SOL1","SRM","STX1","SUSHI","TFUEL","THETA","TRX","TUSD","UNI3","USDC","USDT","VET","WAVES","WAXP","XDC","XEM","XLM","XMR","XRP","XTZ","YFI","ZEC","ZEN","ZIL","ZRX"
"1","^AORD",0.608,0.162,0.069,0.967,0.865,0.195,0.159,0.466,0.0097,0.0216,0.0219,0.93,0.0804,0.0104,0.0245,0.000832,0.322,0.74,0.578,0.389,0.0306,0.997,0.0289,0.732,0.928,0.0611,0.171,0.0234,0.915,0.301,0.882,0.738,0.0413,0.0117,0.00268,0.143,0.79,0.963,0.743,0.00983,0.522,0.593,0.00278,0.0115,0.00798,0.768,0.682,0.618,0.482,0.0157,0.0949,0.11,0.000754,0.028,0.129,0.0591,0.0594,0.816,0.387,0.0139,0.441,0.0976,0.951,7.43e-05,0.779,0.0719,NA,0.795,0.321,0.933,0.0564,0.909,0.696,0.943,0.0248,0.00111,0.525,0.00421,4.53e-05,0.352,0.399,0.0703,0.872,0.422,0.268,0.0737,0.226,0.00111,0.995,0.315,0.00724,0.584,0.271
"2","^AXJO",0.628,0.146,0.0573,0.958,0.903,0.181,0.15,0.489,0.00943,0.0199,0.0138,0.982,0.0751,0.00685,0.0397,0.000501,0.347,0.72,0.594,0.341,0.0323,0.947,0.0255,0.797,0.843,0.107,0.126,0.0234,0.988,0.27,0.985,0.725,0.0293,0.0112,0.00208,0.168,0.788,0.911,0.649,0.00485,0.517,0.532,0.00212,0.00988,0.00481,0.829,0.595,0.554,0.374,0.0166,0.131,0.104,0.000446,0.0231,0.1,0.063,0.052,0.799,0.35,0.0101,0.402,0.0815,0.908,2.81e-05,0.842,0.0438,NA,0.83,0.33,0.998,0.0542,0.939,0.695,0.939,0.0193,0.000752,0.582,0.00471,3.02e-05,0.42,0.536,0.0406,0.773,0.422,0.184,0.0651,0.297,0.000708,0.981,0.334,0.011,0.59,0.266
"3","^BFX",0.975,0.00252,0.000189,0.847,0.486,0.893,0.0102,0.312,3.34e-07,4.48e-06,1.38e-06,0.089,0.00489,1.05e-05,0.00147,5.39e-06,0.267,0.657,0.388,0.199,1.36e-06,0.694,1.8e-06,0.466,0.03,0.0907,0.000958,8.61e-05,0.142,0.0548,0.777,0.632,5.22e-06,3.53e-06,1.35e-05,0.000555,0.966,0.321,0.024,5.13e-05,0.485,0.695,2.36e-06,5.02e-05,6.08e-06,0.46,0.465,0.00943,0.00607,0.000496,0.035,0.000142,3.75e-08,1.66e-05,0.000668,1.15e-05,0.000151,0.595,0.00606,1.36e-05,0.226,0.000172,0.971,8.1e-13,0.518,3.16e-05,NA,0.322,0.364,0.753,0.0085,0.666,0.978,0.409,0.00187,0.000377,0.174,0.00128,0.000316,0.112,0.0631,0.000804,0.878,0.0653,0.00481,7.71e-05,0.0578,1.65e-09,0.917,0.000767,3.66e-05,0.177,0.00361
"4","^BSESN",0.9,0.0522,0.123,0.812,0.661,0.444,0.561,0.0966,0.0949,0.127,0.0537,0.686,0.396,0.0235,0.323,0.0762,0.0665,0.429,0.065,0.485,0.0772,0.0455,0.451,0.147,0.603,0.000112,0.437,0.0295,0.951,0.305,0.348,0.498,0.032,0.155,0.0436,0.0702,0.523,0.807,0.244,0.00831,0.218,0.442,0.00488,0.0807,0.0475,0.907,0.581,0.38,0.3,0.051,0.239,0.278,0.233,0.462,0.22,0.34,0.343,0.876,0.474,0.198,0.502,0.203,0.912,0.00636,0.415,0.0902,NA,0.709,0.105,0.993,0.273,0.358,0.227,0.359,0.194,0.055,0.028,0.0488,0.0177,0.493,0.401,0.28,0.667,0.488,0.183,0.191,0.519,0.068,0.6,0.225,0.0396,0.508,0.379
"5","^BUK100P",0.614,0.017,0.000889,0.928,0.67,0.859,0.0371,0.232,1.82e-05,0.000825,0.000133,0.415,0.0394,0.00024,0.00686,0.00525,0.159,0.43,0.159,0.145,0.00173,0.177,2.62e-05,0.235,0.237,0.0291,0.0261,0.00398,0.484,0.122,0.924,0.554,7.32e-05,0.00204,0.00307,0.0131,0.562,0.647,0.05,0.00227,0.429,0.642,0.00141,0.0078,0.00117,0.613,0.489,0.0348,0.306,0.00339,0.0521,0.00444,1.43e-05,0.0011,0.0295,0.00239,0.00863,0.888,0.027,0.00352,0.658,0.0129,0.952,6.36e-08,0.175,0.00311,NA,0.528,0.3,0.317,0.0512,0.31,0.578,0.595,0.0537,0.00282,0.185,0.0254,0.0129,0.24,0.076,0.0448,0.826,0.0982,0.0839,0.0018,0.156,2.86e-07,0.91,0.00429,0.00157,0.399,0.046
"6","^BVSP",0.583,0.00623,6.99e-05,0.394,0.0578,0.744,0.00135,0.146,2.12e-07,4.42e-06,4.14e-06,0.0591,0.00601,2.77e-06,0.00209,0.000327,0.182,0.532,0.173,0.345,3.45e-06,0.184,1.42e-06,0.272,0.00424,0.411,0.0207,2.21e-05,0.594,0.00665,0.526,0.914,5.77e-06,3.1e-06,1.97e-05,7.36e-05,0.906,0.147,0.00306,8.21e-06,0.269,0.474,0.000128,0.00244,0.000889,0.571,0.507,0.00398,0.0276,1.36e-05,0.015,6.62e-05,2.01e-07,1.52e-05,0.000104,0.000234,0.000611,0.126,0.000285,1.87e-05,0.084,0.000233,0.154,1.99e-08,0.476,0.000432,NA,0.182,0.025,0.473,0.00402,0.368,0.266,0.0988,0.00239,4.48e-06,0.448,0.000104,2.16e-06,0.0362,0.285,0.00418,0.755,0.0949,0.0274,2.22e-06,0.0553,4.47e-09,0.769,0.00311,0.000432,0.113,0.0013
"7","^DJI",0.961,0.00284,1.85e-06,0.732,0.0176,0.731,4.01e-05,0.432,4.65e-10,1.13e-06,1.55e-07,0.0272,0.00372,3.19e-06,0.000105,2.13e-06,0.616,0.416,0.469,0.455,9.21e-07,0.498,8.44e-09,0.552,0.149,0.908,0.00097,2.03e-05,0.103,0.0112,0.461,0.593,3.93e-09,6.47e-07,3.4e-06,1.96e-05,0.684,0.0206,8.39e-05,7.08e-06,0.407,0.844,3.29e-06,0.000161,7.47e-06,0.179,0.351,0.00131,0.0156,2.21e-05,0.044,3.09e-07,6.98e-08,7.02e-08,1.77e-06,4.88e-06,1.81e-05,0.0555,8.36e-05,3.93e-08,0.116,8.16e-06,0.256,1.82e-11,0.403,8.59e-06,NA,0.0603,0.0721,0.109,0.00125,0.662,0.162,0.0575,0.00153,5.73e-06,0.568,0.0017,2.25e-05,0.0185,0.0977,0.000161,0.744,0.0338,0.0167,1.23e-06,0.0102,6.24e-13,0.474,5.55e-05,0.000109,0.0823,1.74e-05
"8","^FCHI",0.754,0.0419,0.00323,0.867,0.833,0.67,0.0737,0.312,4.38e-05,0.000361,7.97e-05,0.332,0.0331,7.1e-05,0.00743,0.000136,0.24,0.659,0.313,0.142,7.35e-05,0.423,9.9e-06,0.349,0.178,0.0214,0.0429,0.000833,0.634,0.272,0.752,0.365,0.000178,0.00065,0.00147,0.00651,0.436,0.635,0.051,0.000469,0.606,0.827,0.000125,0.00429,0.000607,0.276,0.641,0.0444,0.163,0.00274,0.152,0.00135,3.21e-06,0.00105,0.00417,0.00221,0.00347,0.784,0.0132,0.000859,0.642,0.00915,0.617,1.99e-09,0.431,0.00136,NA,0.681,0.529,0.746,0.102,0.588,0.894,0.659,0.0242,0.00169,0.265,0.00549,0.00302,0.33,0.13,0.0068,0.993,0.15,0.0653,0.00309,0.212,1.17e-07,0.953,0.0162,0.000394,0.306,0.0382
"9","^FTSE",0.973,0.00504,0.000192,0.968,0.531,0.721,0.0232,0.641,7.51e-07,8.85e-05,2.99e-05,0.401,0.0249,0.000137,0.0026,0.00156,0.531,0.435,0.522,0.0495,3.16e-05,0.492,3.48e-06,0.638,0.153,0.0341,0.00701,0.000362,0.36,0.0267,0.761,0.926,2.79e-05,0.000162,0.000349,0.00406,0.469,0.568,0.0677,0.000223,0.767,0.688,0.00025,0.00193,6.83e-05,0.497,0.635,0.0113,0.112,0.00128,0.0674,0.000635,2.22e-06,9.75e-05,0.00427,0.000524,0.000622,0.636,0.033,0.000227,0.366,0.00156,0.926,8.69e-10,0.578,0.000244,NA,0.623,0.313,0.602,0.024,0.695,0.657,0.963,0.00767,0.000238,0.521,0.00381,0.00151,0.117,0.0497,0.0107,0.989,0.0226,0.0118,0.00127,0.0133,6.08e-09,0.791,0.000979,0.000224,0.542,0.0147
"10","^GDAXI",0.832,0.00757,0.00324,0.932,0.468,0.755,0.0159,0.445,2.52e-06,3.16e-05,3.18e-06,0.176,0.0151,1.34e-06,0.00377,0.000152,0.39,0.609,0.0924,0.287,0.000128,0.397,1.38e-06,0.421,0.143,0.0263,0.0122,0.000231,0.517,0.174,0.39,0.653,1.65e-05,9.34e-05,0.000356,0.000274,0.505,0.276,0.0143,0.000378,0.433,0.781,1.87e-05,0.00104,3.56e-05,0.582,0.363,0.00977,0.149,0.000122,0.0508,0.000511,8.53e-06,0.000156,0.00567,0.000399,0.000517,0.523,0.00769,0.000496,0.399,0.000924,0.807,3.39e-09,0.406,0.000302,NA,0.334,0.336,0.368,0.105,0.61,0.273,0.0873,0.00418,0.00578,0.42,0.0344,0.00995,0.229,0.0772,0.00443,0.482,0.0687,0.0211,0.000252,0.0917,1.99e-08,0.996,0.00105,4.95e-05,0.0878,0.0148
"11","^GSPC",0.857,0.00199,1.59e-06,0.679,0.0232,0.617,3.08e-05,0.469,5.44e-10,8.17e-07,9.46e-08,0.021,0.00507,8.11e-07,0.000201,2.51e-06,0.649,0.341,0.41,0.519,4.1e-07,0.476,1.06e-09,0.58,0.184,0.804,0.00105,8.42e-06,0.106,0.00771,0.253,0.59,7.56e-09,9.33e-07,4.62e-06,9.65e-06,0.637,0.0025,3.07e-05,2.41e-05,0.297,0.672,2.52e-06,4.1e-05,9.03e-06,0.321,0.144,0.000439,0.0319,8.14e-06,0.0601,2.01e-07,3.77e-08,5.05e-08,8.07e-07,2.85e-06,6.9e-05,0.0282,7.21e-05,4.22e-08,0.112,4.06e-06,0.171,1.97e-11,0.384,1.29e-06,NA,0.0193,0.0586,0.0428,0.00192,0.636,0.165,0.0302,0.00365,1.34e-06,0.62,0.000508,5.53e-06,0.0123,0.0894,0.000337,0.992,0.0106,0.013,6.61e-07,0.0118,1.79e-12,0.209,3.23e-05,8.96e-05,0.0871,2.01e-05
"12","^GSPTSE",0.883,0.00147,8.97e-07,0.654,0.0512,0.895,0.000211,0.365,4.49e-09,8.57e-08,3.74e-08,0.0436,0.00214,4.53e-08,2.21e-05,2.05e-08,0.438,0.49,0.262,0.56,6.48e-08,0.496,9.32e-10,0.616,0.0681,0.142,0.00145,1.11e-06,0.149,0.00838,0.523,0.924,5.82e-09,6.85e-08,2.09e-07,7.77e-06,0.569,0.0324,0.000226,8.41e-07,0.322,0.519,1.2e-07,4.9e-05,6.76e-06,0.265,0.631,0.00185,0.018,2.73e-06,0.0253,7.3e-07,3.06e-10,7.48e-08,9.8e-07,1.2e-05,3.05e-05,0.0502,0.000323,1.17e-08,0.213,2.52e-06,0.22,8.26e-14,0.621,1.09e-05,NA,0.0453,0.17,0.323,0.00105,0.707,0.366,0.102,0.000266,1.76e-06,0.584,0.000659,2.22e-06,0.0144,0.0397,6.84e-05,0.981,0.0256,0.0141,5.08e-07,0.0182,3.63e-12,0.329,0.000225,8.11e-06,0.165,0.000182
"13","^IPSA",0.973,0.363,0.962,0.959,0.427,0.422,0.809,0.212,0.057,0.38,0.267,0.914,0.344,0.0453,0.541,0.0841,0.121,0.851,0.345,0.808,0.126,0.471,0.105,0.503,0.875,1.18e-06,0.971,0.197,0.0971,0.0957,0.447,0.38,0.155,0.366,0.149,0.446,0.422,0.514,0.648,0.0727,0.863,0.722,0.0408,0.246,0.372,0.709,0.848,0.609,0.927,0.479,0.69,0.502,0.0408,0.405,0.705,0.445,0.385,0.342,0.393,0.385,0.802,0.687,0.306,0.00795,1,0.152,NA,0.863,0.848,0.586,0.64,0.58,0.647,0.513,0.401,0.727,0.0928,0.13,0.327,0.58,0.639,0.485,0.176,0.796,0.41,0.767,0.769,0.165,0.581,0.372,0.245,0.761,0.297
"14","^IXIC",0.744,0.00155,5.57e-06,0.871,0.0117,0.421,3.28e-05,0.582,1.01e-09,7.33e-07,3.32e-07,0.00444,0.00586,8.75e-08,0.000245,6.51e-06,0.757,0.371,0.45,0.928,1.66e-07,0.456,1.91e-11,0.556,0.0782,0.974,0.00106,1.35e-06,0.0976,0.00409,0.221,0.517,6.06e-09,1.95e-06,9.72e-06,2.41e-06,0.52,9.03e-05,4.91e-07,8.16e-05,0.151,0.446,3.21e-06,1.64e-06,1.95e-05,0.557,0.107,0.000148,0.107,3.8e-06,0.0872,7.13e-07,3.67e-08,4.21e-08,4.07e-07,7.23e-07,0.000323,0.00531,5.01e-05,2.2e-08,0.11,7.83e-07,0.0837,7.6e-11,0.377,1.65e-07,NA,0.0018,0.0316,0.0135,0.00282,0.459,0.173,0.0111,0.0159,2.96e-05,0.691,0.00171,8.12e-05,0.00652,0.0919,0.00209,0.718,0.00235,0.0223,9.65e-08,0.0205,2.47e-11,0.0942,1.05e-05,0.000201,0.0929,1.63e-05
"15","^JKSE",0.721,0.345,0.258,0.77,0.963,0.157,0.404,0.0737,0.351,0.516,0.212,0.433,0.465,0.482,0.555,0.139,0.0483,0.926,0.713,0.849,0.21,0.195,0.238,0.225,0.385,0.00108,0.566,0.0625,0.581,0.0461,0.973,0.736,0.635,0.205,0.224,0.482,0.97,0.768,0.859,0.0909,0.231,0.668,0.00473,0.735,0.45,0.601,0.543,0.219,0.843,0.353,0.909,0.331,0.257,0.685,0.838,0.33,0.19,0.677,0.561,0.169,0.645,0.221,0.784,0.0591,0.537,0.117,NA,0.608,0.0732,0.864,0.305,0.332,0.908,0.427,0.152,0.434,0.0689,0.274,0.17,0.225,0.44,0.615,0.535,0.547,0.252,0.247,0.249,0.0624,0.877,0.338,0.321,0.51,0.441
"16","^JN0U",0.771,0.019,0.0229,0.431,0.483,0.603,0.00911,0.0901,4.69e-06,0.000262,1.33e-05,0.0724,0.0197,1.24e-05,0.0125,0.00194,0.153,0.78,0.211,0.314,0.00502,0.352,3.01e-06,0.112,0.182,0.0186,0.0143,9.28e-05,0.286,0.0239,0.7,0.971,0.000415,0.000756,0.000329,0.000434,0.987,0.817,0.0275,0.00055,0.294,0.817,8.58e-05,0.000166,0.00136,0.314,0.857,0.0145,0.286,0.000661,0.147,0.000265,3.53e-05,0.0011,0.0177,0.00153,0.000254,0.35,0.0199,0.000446,0.277,0.00409,0.799,1.46e-07,0.288,0.00142,NA,0.272,0.294,0.688,0.112,0.186,0.264,0.158,0.0371,0.0143,0.128,0.011,0.0106,0.0507,0.139,0.024,0.401,0.113,0.0393,0.000309,0.141,4.1e-06,0.387,0.00011,0.00791,0.218,0.000598
"17","^KLSE",0.555,0.987,0.7,0.803,0.446,0.332,0.192,0.221,0.397,0.514,0.534,0.708,0.798,0.822,0.641,0.762,0.29,0.659,0.82,0.65,0.276,0.947,0.316,0.775,0.641,2.3e-05,0.992,0.595,0.932,0.93,0.0537,0.643,0.583,0.891,0.967,0.742,0.503,0.0445,0.952,0.752,0.135,0.202,0.0463,0.919,0.406,0.74,0.974,0.742,0.156,0.409,0.692,0.475,0.376,0.638,0.57,0.857,0.752,0.733,0.353,0.445,0.767,0.748,0.0898,0.161,0.238,0.619,NA,0.861,0.137,0.18,0.0108,0.962,0.799,0.383,0.142,0.012,0.506,0.148,0.0422,0.664,0.852,0.298,0.0244,0.326,0.379,0.395,0.212,0.744,0.725,0.619,0.843,0.923,0.461
"18","^KS11",0.442,0.845,0.837,0.734,0.306,0.43,0.722,0.0687,0.8,0.573,0.963,0.405,0.409,0.335,0.7,0.123,0.0394,0.383,0.268,0.971,0.965,0.247,0.38,0.191,0.798,9.33e-05,0.951,0.28,0.309,0.476,0.0577,0.708,0.914,0.442,0.56,0.701,0.833,0.192,0.246,0.266,0.23,0.894,0.0962,0.557,0.353,0.749,0.352,0.838,0.643,0.483,0.243,0.902,0.284,0.916,0.187,0.917,0.842,0.0449,0.848,0.888,0.233,0.719,0.0683,0.106,0.943,0.473,NA,0.344,0.437,0.307,0.999,0.276,0.464,0.431,0.253,0.687,0.0372,0.779,0.858,0.919,0.575,0.797,0.469,0.935,0.596,0.85,0.548,0.308,0.216,0.674,0.385,0.203,0.706
"19","^MERV",0.951,0.0182,0.00461,0.117,0.142,0.124,0.134,0.219,0.00106,0.00986,0.0233,0.0774,0.0763,0.0162,0.0806,0.015,0.263,0.877,0.172,0.21,0.121,0.613,0.0401,0.744,0.985,0.0552,0.407,0.00838,0.882,0.254,0.132,0.618,0.00432,0.0261,0.0362,0.0286,0.692,0.739,0.0429,0.107,0.4,0.882,0.024,0.13,0.0266,0.808,0.605,0.0531,0.0507,0.0169,0.0957,0.0711,0.00937,0.0143,0.49,0.0999,0.0677,0.0897,0.35,0.0868,0.239,0.0164,0.62,0.0141,0.598,0.125,NA,0.342,0.0342,0.594,0.0693,0.515,0.0979,0.249,0.106,0.117,0.466,0.181,0.173,0.112,0.059,0.127,0.271,0.0978,0.122,0.0101,0.292,0.00203,0.225,0.141,0.0131,0.137,0.101
"20","^MXX",0.671,0.0251,0.00169,0.17,0.217,0.649,0.00269,0.0618,0.000194,0.000669,0.000224,0.16,0.0611,0.000136,0.0509,0.00515,0.16,0.701,0.132,0.268,0.00161,0.158,5.03e-06,0.256,0.274,0.218,0.146,0.00757,0.316,0.169,0.932,0.25,0.0101,0.00125,0.00511,0.00115,0.494,0.342,0.00286,0.00106,0.289,0.671,0.000986,0.146,0.0048,0.387,0.956,0.0205,0.0516,0.00142,0.0812,0.000493,0.00138,0.000388,0.0443,0.00659,0.000996,0.421,0.0164,0.00309,0.276,0.0117,0.516,7.77e-05,0.407,0.00889,NA,0.194,0.124,0.916,0.0642,0.231,0.721,0.755,0.0366,4.78e-05,0.106,0.00281,0.000518,0.0846,0.366,0.000609,0.0582,0.37,0.37,0.000384,0.169,2.7e-06,0.891,0.00339,0.0217,0.688,0.00708
"21","^N100",0.77,0.018,0.00194,0.923,0.779,0.828,0.0453,0.324,1.38e-05,8.1e-05,2.05e-05,0.303,0.0196,1.61e-05,0.00326,7.75e-05,0.246,0.611,0.233,0.222,1.94e-05,0.397,1.77e-06,0.335,0.124,0.0194,0.0188,0.000204,0.58,0.155,0.736,0.373,9.17e-05,0.000253,0.000494,0.00255,0.426,0.533,0.0246,0.000357,0.57,0.81,3.32e-05,0.00147,0.000234,0.355,0.62,0.0279,0.201,0.00112,0.136,0.000516,6.41e-07,0.000409,0.00191,0.000826,0.00209,0.759,0.0134,3e-04,0.563,0.00329,0.777,1.85e-10,0.407,0.000432,NA,0.549,0.558,0.645,0.0567,0.541,0.751,0.542,0.0194,0.00206,0.257,0.00832,0.00324,0.247,0.102,0.00589,0.917,0.105,0.0514,0.00143,0.183,2.75e-08,0.785,0.00551,0.000201,0.299,0.0236
"22","^N225",0.454,0.252,0.396,0.72,0.45,0.61,0.228,0.241,0.223,0.454,0.193,0.85,0.426,0.439,0.602,0.244,0.157,0.863,0.0627,0.253,0.791,0.269,0.342,0.165,0.855,1.32e-06,0.955,0.291,0.0875,0.77,0.489,0.803,0.812,0.579,0.692,0.53,0.927,0.802,0.713,0.79,0.791,0.314,0.0488,0.45,0.197,0.631,0.49,0.961,0.537,0.603,0.597,0.987,0.156,0.621,0.557,0.835,0.592,0.56,0.635,0.184,0.462,0.539,0.467,0.11,0.351,0.718,NA,0.618,0.567,0.797,0.318,0.157,0.275,0.46,0.379,0.0427,0.177,0.746,0.299,0.49,0.466,0.726,0.743,0.857,0.666,0.997,0.841,0.502,0.364,0.721,0.709,0.889,0.929
"23","^NYA",0.915,0.0107,3.53e-06,0.549,0.0752,0.789,0.000113,0.283,1.48e-08,5.31e-06,2.5e-06,0.081,0.00533,6.16e-06,0.000339,6.9e-06,0.379,0.263,0.517,0.447,1.2e-06,0.333,9.76e-09,0.388,0.215,0.54,0.00337,8.31e-05,0.21,0.0176,0.584,0.839,2.81e-07,2.65e-06,1.51e-05,0.000118,0.705,0.0335,0.000187,2.38e-05,0.345,0.991,1.03e-05,0.00104,3.64e-05,0.285,0.41,0.00383,0.0231,5.82e-05,0.0557,3.97e-06,2.19e-07,6.23e-07,1.24e-05,1.74e-05,0.000152,0.202,0.000181,1.44e-06,0.226,1e-04,0.249,1.83e-10,0.318,1.85e-05,NA,0.194,0.0837,0.174,0.00402,0.508,0.223,0.125,0.00396,1.26e-05,0.39,0.0015,4.52e-05,0.0339,0.133,8.84e-05,0.58,0.0334,0.0189,1.15e-05,0.0151,1.57e-11,0.509,0.000304,0.00028,0.221,0.00012
"24","^NZ50",0.729,0.0504,0.584,0.291,0.764,0.128,0.809,0.066,0.0563,0.0585,0.0338,0.664,0.216,0.0355,0.499,0.108,0.0657,0.895,0.0139,0.384,0.297,0.618,0.244,0.252,0.182,2.52e-06,0.242,0.315,0.33,0.199,0.214,0.271,0.151,0.186,0.102,0.258,0.788,0.477,0.828,0.0582,0.937,0.9,0.43,0.101,0.164,0.706,0.484,0.885,0.619,0.0273,0.158,0.691,0.107,0.724,0.96,0.102,0.339,0.543,0.905,0.173,0.876,0.66,0.611,0.0119,0.388,0.234,NA,0.339,0.337,0.92,0.298,0.717,0.974,0.707,0.0723,0.562,0.0914,0.95,0.935,0.195,0.533,0.29,0.862,0.854,0.16,0.0758,0.559,0.107,0.786,0.354,0.465,0.968,0.624
"25","^RUT",0.651,0.0348,6.44e-06,0.395,0.0407,0.914,0.000599,0.111,5.51e-08,6.62e-06,9.44e-06,0.0307,0.00525,4.64e-06,0.000269,1.03e-05,0.134,0.112,0.788,0.991,4.83e-06,0.209,1.85e-09,0.255,0.462,0.822,0.0046,0.000124,0.167,0.0205,0.899,0.602,5.5e-09,2.43e-06,2.04e-05,0.000179,0.315,0.044,1.66e-05,0.000105,0.223,0.861,1.21e-05,0.00226,1.93e-05,0.116,0.673,0.00319,0.0319,6.92e-05,0.0549,2.22e-06,6.29e-06,2.85e-07,3.65e-05,1.94e-05,5.83e-05,0.119,0.000436,1.48e-06,0.25,0.000139,0.377,6.04e-09,0.314,3.04e-05,NA,0.1,0.128,0.295,0.0216,0.26,0.187,0.0746,0.00561,0.0012,0.153,0.0194,0.00276,0.0533,0.194,0.000244,0.544,0.0296,0.0463,6.08e-06,0.0356,8.01e-11,0.49,0.000462,0.00149,0.151,0.000257
"26","^STI",0.811,0.267,0.431,0.801,0.483,0.678,0.919,0.223,0.853,0.545,0.331,0.744,0.983,0.836,0.411,0.636,0.187,0.425,0.835,0.743,0.341,0.895,0.778,0.429,0.771,6.09e-06,0.684,0.798,0.318,0.537,0.243,0.947,0.321,0.756,0.738,0.835,0.777,0.618,0.023,0.622,0.597,0.845,0.901,0.416,0.681,0.672,0.337,0.685,0.218,0.865,0.921,0.407,0.0511,0.415,0.0914,0.851,0.975,0.478,0.119,0.55,0.172,0.387,0.57,0.531,0.899,0.581,NA,0.992,0.635,0.844,0.478,0.398,0.325,0.671,0.971,0.962,0.265,0.657,0.994,0.916,0.436,0.981,0.676,0.813,0.29,0.444,0.662,0.886,0.773,0.653,0.753,0.865,0.653
"27","^STOXX50E",0.826,0.0113,0.00166,0.963,0.658,0.984,0.0188,0.278,6.67e-06,4.56e-05,7.89e-06,0.212,0.0214,4.65e-06,0.00552,6.47e-05,0.22,0.583,0.0907,0.197,7.64e-05,0.309,1.92e-06,0.31,0.105,0.0298,0.0214,0.000236,0.6,0.15,0.415,0.608,1.44e-05,0.000107,0.000443,0.000959,0.475,0.419,0.021,0.000232,0.423,0.995,1.63e-05,0.00122,8.44e-05,0.486,0.45,0.0171,0.131,0.000251,0.0543,0.000623,3.67e-06,0.000242,0.00393,0.000606,0.00159,0.514,0.00703,0.000414,0.572,0.00158,0.731,4.74e-10,0.378,0.000345,NA,0.463,0.372,0.577,0.0567,0.525,0.199,0.161,0.00837,0.00219,0.27,0.0143,0.00463,0.234,0.0842,0.00175,0.753,0.0809,0.0391,0.000572,0.142,1.59e-08,0.889,0.00359,4.15e-05,0.119,0.032
"28","^TA125",0.952,0.183,0.14,0.787,0.911,0.32,0.294,0.477,0.0447,0.0171,0.027,0.291,0.133,0.00462,0.334,0.00284,0.203,0.726,0.399,0.85,0.0292,0.778,0.00476,0.569,0.388,0.0284,0.122,0.0115,0.577,0.418,0.29,0.833,0.0139,0.0785,0.0196,0.0721,0.865,0.292,0.067,0.094,0.249,0.688,0.00809,0.15,0.131,0.591,0.417,0.0956,0.98,0.0835,0.173,0.457,0.282,0.0574,0.213,0.0763,0.3,0.617,0.538,0.115,0.627,0.0776,0.888,0.00217,0.408,0.107,NA,0.556,0.825,0.861,0.483,0.877,0.647,0.216,0.387,0.154,0.523,0.182,0.309,0.406,0.292,0.46,0.527,0.398,0.107,0.011,0.548,0.0195,0.519,0.0465,0.0764,0.444,0.574
"29","^TWII",0.753,0.836,0.707,0.512,0.958,0.792,0.982,0.389,0.451,0.518,0.959,0.0921,0.22,0.191,0.362,0.11,0.162,0.325,0.588,0.392,0.282,0.699,0.0862,0.716,0.172,3.93e-06,0.706,0.343,0.351,0.165,0.659,0.386,0.382,0.412,0.329,0.521,0.725,0.159,0.633,0.119,0.0581,0.838,0.0433,0.364,0.487,0.65,0.467,0.296,0.668,0.368,0.912,0.834,0.375,0.634,0.798,0.632,0.884,0.0423,0.887,0.341,0.575,0.711,0.0687,0.167,0.536,0.285,NA,0.175,0.98,0.0655,0.718,0.664,0.737,0.877,0.482,0.962,0.059,0.423,0.484,0.739,0.953,0.722,0.719,0.545,0.949,0.743,0.526,0.498,0.0368,0.398,0.804,0.724,0.846
"30","^VIX",0.747,5.13e-05,6.91e-09,0.986,0.00869,0.211,1.86e-08,0.726,3.91e-11,9.76e-10,7.11e-10,0.0308,0.000428,7.76e-10,1.31e-06,1.38e-06,0.816,0.599,0.225,0.476,6.98e-11,0.62,1.13e-10,0.725,0.00332,0.485,1.4e-06,2.79e-09,0.0419,0.000738,0.917,0.771,1.46e-09,1.56e-09,1.62e-08,2.5e-08,0.389,0.0127,2.71e-05,1.05e-07,0.332,0.921,3.86e-09,2.06e-06,7.9e-11,0.74,0.631,8.28e-05,0.00558,6.36e-09,0.0305,8.16e-09,4.99e-11,1.51e-10,5.49e-08,1.13e-08,3.51e-07,0.0226,4.17e-05,1.5e-11,0.0167,5.88e-09,0.00665,8.28e-15,0.549,1.25e-07,NA,0.0197,0.0758,0.36,5.3e-06,0.789,0.0214,0.00459,0.000452,4.23e-09,0.982,4.27e-05,1.01e-08,0.000779,0.0214,0.000221,0.48,0.0152,0.00565,1.52e-09,0.00666,2.09e-16,0.998,1.36e-06,4.02e-08,0.0183,1.88e-07
"31","^XAX",0.518,0.0345,7.06e-05,0.364,0.0292,0.696,6e-04,0.154,1.8e-06,4.44e-05,5.18e-05,0.102,0.0111,1.57e-05,0.00375,7.92e-06,0.149,0.129,0.382,0.796,1.4e-05,0.236,1.93e-08,0.339,0.181,0.0331,0.00448,0.00217,0.182,0.0371,0.868,0.726,1.12e-06,2.94e-05,0.000345,0.00106,0.44,0.0781,1.94e-05,7.32e-05,0.146,0.891,1.02e-05,0.00741,3.95e-05,0.327,0.843,0.0142,0.0369,0.000994,0.0461,1.6e-05,5.43e-06,2.34e-05,2.97e-05,0.00013,0.00014,0.417,0.000339,7.9e-06,0.432,0.00069,0.325,1.98e-07,0.397,0.000422,NA,0.204,0.0475,0.511,0.035,0.33,0.378,0.187,0.00476,0.0224,0.372,0.132,0.0276,0.0246,0.193,8.2e-05,0.178,0.177,0.0604,0.000155,0.102,1.88e-09,0.297,0.00125,0.025,0.418,0.000808
"32","000001",0.55,0.658,0.785,0.299,0.0803,0.406,0.271,0.923,0.0849,0.151,0.356,0.341,0.0658,0.153,0.296,0.0192,0.739,0.831,0.453,0.577,0.124,0.379,0.0418,0.75,0.0162,0.0855,0.57,0.0961,0.848,0.012,0.591,0.637,0.517,0.262,0.324,0.447,0.339,0.33,0.233,0.0733,0.338,0.691,0.0237,0.523,0.722,0.618,0.791,0.376,0.777,0.343,0.75,0.133,0.0498,0.549,0.734,0.0957,0.175,0.234,0.792,0.488,0.498,0.413,0.23,0.0269,0.513,0.278,NA,0.594,0.0896,0.477,0.244,0.96,0.348,0.41,0.145,0.555,0.842,0.596,0.912,0.829,0.676,0.495,0.977,0.524,0.979,0.837,0.352,0.376,0.986,0.25,0.585,0.605,0.509
"33","399001",0.417,0.996,0.995,0.323,0.107,0.233,0.32,0.865,0.0983,0.152,0.27,0.416,0.109,0.17,0.527,0.00742,0.806,0.641,0.428,0.246,0.0621,0.589,0.0267,0.677,0.036,0.0722,0.419,0.0512,0.969,0.085,0.418,0.804,0.413,0.172,0.179,0.531,0.472,0.617,0.163,0.043,0.274,0.625,0.029,0.314,0.809,0.914,0.416,0.175,0.788,0.375,0.818,0.0566,0.0184,0.467,0.977,0.191,0.276,0.178,0.715,0.428,0.445,0.415,0.157,0.0087,0.44,0.338,NA,0.985,0.169,0.489,0.304,0.762,0.343,0.324,0.243,0.683,0.834,0.652,0.912,0.98,0.95,0.55,0.638,0.706,0.682,0.746,0.478,0.5,0.724,0.207,0.734,0.512,0.3
"34","IMOEX",0.992,0.0511,0.00572,0.858,0.964,0.898,0.0367,0.276,0.000641,5.2e-05,0.000136,0.728,0.0274,3.15e-06,0.00846,0.005,0.23,0.636,0.331,0.346,0.00192,0.127,3.55e-05,0.423,0.0335,0.276,0.0276,0.00324,0.233,0.106,0.642,0.295,0.000997,0.000529,0.000197,0.00104,0.964,0.884,0.0149,0.00115,0.504,0.912,0.000488,0.00174,0.00153,0.619,0.563,0.0153,0.935,0.0018,0.422,0.0319,0.000172,0.00159,0.0144,0.00448,0.00767,0.865,0.0731,0.000974,0.0714,0.0154,0.936,6.64e-07,0.653,0.0296,NA,0.222,0.556,0.96,0.19,0.377,0.979,0.478,0.0734,0.238,0.278,0.723,0.101,0.335,0.182,0.549,0.541,0.0842,0.0444,0.00247,0.169,5.67e-06,0.854,0.000791,0.00114,0.493,0.12
